case,point,hours,false_alerts,fa_per_day
TM2015_wk,Quiet,168.0,5,0.7142857142857142
TM2015_wk,Quiet +2VP,168.0,4,0.5714285714285714
TM2015_wk,Balanced,168.0,12,1.7142857142857142
TM2015_wk,Sensitive,168.0,43,6.142857142857142
DQ2019_wk,Quiet,168.0,6,0.8571428571428571
DQ2019_wk,Quiet +2VP,168.0,6,0.8571428571428571
DQ2019_wk,Balanced,168.0,15,2.142857142857143
DQ2019_wk,Sensitive,168.0,55,7.857142857142858
VI2021_wk,Quiet,168.0,3,0.42857142857142855
VI2021_wk,Quiet +2VP,168.0,2,0.2857142857142857
VI2021_wk,Balanced,168.0,11,1.5714285714285716
VI2021_wk,Sensitive,168.0,67,9.571428571428573
CF2024_wk,Quiet,168.0,1,0.14285714285714285
CF2024_wk,Quiet +2VP,168.0,1,0.14285714285714285
CF2024_wk,Balanced,168.0,4,0.5714285714285714
CF2024_wk,Sensitive,168.0,53,7.571428571428571
