det,tau,detected,n_inc,fa_per_day,median_delay_s
PRISM-export,1,4,8,538.6875,38.5
PRISM-export,2,4,8,229.6875,75.0
PRISM-export,3,4,8,153.375,75.0
PRISM-export,5,4,8,94.6875,75.0
PRISM-export,8,4,8,60.1875,75.0
PRISM-export,10,4,8,49.5,75.0
PRISM-export,15,4,8,35.4375,75.0
PRISM-export,20,3,8,28.875,134.0
PRISM-export,30,3,8,22.3125,134.0
PRISM-export,50,3,8,16.3125,134.0
PRISM-export,75,3,8,10.5,134.0
PRISM-export,100,3,8,9.375,134.0
PRISM-export,150,3,8,7.5,134.0
PRISM-export,200,3,8,5.25,134.0
PRISM-export,300,2,8,3.1875,145.0
PRISM-export,500,2,8,2.25,145.0
PRISM-export,1000,2,8,1.125,145.0
PRISM-export+2VP,1,4,8,81.75,38.5
PRISM-export+2VP,2,4,8,67.6875,75.0
PRISM-export+2VP,3,4,8,51.75,75.0
PRISM-export+2VP,5,4,8,38.625,75.0
PRISM-export+2VP,8,4,8,28.6875,75.0
PRISM-export+2VP,10,4,8,24.5625,75.0
PRISM-export+2VP,15,4,8,19.5,75.0
PRISM-export+2VP,20,2,8,16.125,145.0
PRISM-export+2VP,30,2,8,12.375,145.0
PRISM-export+2VP,50,2,8,9.375,145.0
PRISM-export+2VP,75,2,8,6.5625,145.0
PRISM-export+2VP,100,2,8,5.8125,145.0
PRISM-export+2VP,150,2,8,5.25,145.0
PRISM-export+2VP,200,2,8,3.9375,145.0
PRISM-export+2VP,300,2,8,2.4375,145.0
PRISM-export+2VP,500,2,8,1.5,145.0
PRISM-export+2VP,1000,2,8,0.75,145.0
PRISM-export+VA,1,4,8,90.1875,75.0
PRISM-export+VA,2,4,8,90.1875,75.0
PRISM-export+VA,3,4,8,90.1875,75.0
PRISM-export+VA,5,4,8,90.1875,75.0
PRISM-export+VA,8,4,8,56.0625,75.0
PRISM-export+VA,10,4,8,46.5,75.0
PRISM-export+VA,15,4,8,33.9375,75.0
PRISM-export+VA,20,3,8,27.375,134.0
PRISM-export+VA,30,3,8,21.1875,134.0
PRISM-export+VA,50,3,8,15.375,134.0
PRISM-export+VA,75,3,8,9.75,134.0
PRISM-export+VA,100,3,8,8.625,134.0
PRISM-export+VA,150,3,8,6.75,134.0
PRISM-export+VA,200,3,8,4.875,134.0
PRISM-export+VA,300,2,8,2.8125,145.0
PRISM-export+VA,500,2,8,1.875,145.0
PRISM-export+VA,1000,2,8,0.9375,145.0
PRISM-origin,1,5,8,113.4375,39.0
PRISM-origin,2,4,8,32.4375,32.5
PRISM-origin,3,4,8,19.3125,32.5
PRISM-origin,5,4,8,9.75,32.5
PRISM-origin,8,3,8,5.625,26.0
PRISM-origin,10,3,8,4.125,26.0
PRISM-origin,15,3,8,2.25,26.0
PRISM-origin,20,3,8,1.3125,26.0
PRISM-origin,30,3,8,0.75,26.0
PRISM-origin,50,3,8,0.1875,26.0
PRISM-origin,75,1,8,0.0,-56.0
PRISM-origin,100,1,8,0.0,-56.0
PRISM-origin,150,1,8,0.0,-56.0
PRISM-origin,200,1,8,0.0,-56.0
PRISM-origin,300,1,8,0.0,-56.0
PRISM-origin,500,1,8,0.0,-56.0
PRISM-origin,1000,1,8,0.0,-56.0
abl:export-noAdapt,1,5,8,4220.8125,29.0
abl:export-noAdapt,2,5,8,2667.5625,29.0
abl:export-noAdapt,3,5,8,2141.8125,29.0
abl:export-noAdapt,5,5,8,1629.75,29.0
abl:export-noAdapt,8,5,8,1234.6875,29.0
abl:export-noAdapt,10,5,8,1070.625,29.0
abl:export-noAdapt,15,5,8,795.375,29.0
abl:export-noAdapt,20,5,8,628.5,121.0
abl:export-noAdapt,30,5,8,430.125,121.0
abl:export-noAdapt,50,5,8,238.875,121.0
abl:export-noAdapt,75,5,8,149.4375,121.0
abl:export-noAdapt,100,3,8,102.1875,134.0
abl:export-noAdapt,150,3,8,62.8125,134.0
abl:export-noAdapt,200,3,8,41.25,134.0
abl:export-noAdapt,300,2,8,25.125,145.0
abl:export-noAdapt,500,2,8,14.8125,145.0
abl:export-noAdapt,1000,2,8,8.25,145.0
abl:export-noNovelty,1,4,8,1836.375,38.5
abl:export-noNovelty,2,4,8,681.375,75.0
abl:export-noNovelty,3,4,8,447.9375,75.0
abl:export-noNovelty,5,4,8,264.5625,75.0
abl:export-noNovelty,8,4,8,149.625,75.0
abl:export-noNovelty,10,4,8,116.4375,127.5
abl:export-noNovelty,15,4,8,75.9375,127.5
abl:export-noNovelty,20,3,8,59.0625,134.0
abl:export-noNovelty,30,3,8,37.875,134.0
abl:export-noNovelty,50,3,8,24.0,134.0
abl:export-noNovelty,75,3,8,16.6875,134.0
abl:export-noNovelty,100,3,8,14.0625,134.0
abl:export-noNovelty,150,2,8,9.9375,145.0
abl:export-noNovelty,200,2,8,7.875,145.0
abl:export-noNovelty,300,2,8,6.375,145.0
abl:export-noNovelty,500,2,8,4.3125,145.0
abl:export-noNovelty,1000,2,8,3.0,145.0
abl:origin-noAdapt,1,5,8,158.4375,39.0
abl:origin-noAdapt,2,4,8,42.5625,32.5
abl:origin-noAdapt,3,4,8,26.0625,32.5
abl:origin-noAdapt,5,4,8,12.9375,32.5
abl:origin-noAdapt,8,3,8,7.6875,26.0
abl:origin-noAdapt,10,3,8,6.0,26.0
abl:origin-noAdapt,15,3,8,3.5625,26.0
abl:origin-noAdapt,20,3,8,2.25,26.0
abl:origin-noAdapt,30,3,8,1.3125,26.0
abl:origin-noAdapt,50,3,8,0.375,26.0
abl:origin-noAdapt,75,1,8,0.375,-56.0
abl:origin-noAdapt,100,1,8,0.375,-56.0
abl:origin-noAdapt,150,1,8,0.1875,-56.0
abl:origin-noAdapt,200,1,8,0.0,-56.0
abl:origin-noAdapt,300,1,8,0.0,-56.0
abl:origin-noAdapt,500,1,8,0.0,-56.0
abl:origin-noAdapt,1000,1,8,0.0,-56.0
abl:origin-noRel,1,6,8,207.1875,38.5
abl:origin-noRel,2,5,8,57.75,39.0
abl:origin-noRel,3,5,8,33.5625,39.0
abl:origin-noRel,5,5,8,18.75,39.0
abl:origin-noRel,8,4,8,10.6875,32.5
abl:origin-noRel,10,3,8,7.3125,26.0
abl:origin-noRel,15,3,8,4.6875,26.0
abl:origin-noRel,20,2,8,3.0,-15.0
abl:origin-noRel,30,2,8,1.875,-15.0
abl:origin-noRel,50,2,8,0.75,-15.0
abl:origin-noRel,75,1,8,0.375,-56.0
abl:origin-noRel,100,1,8,0.1875,-56.0
abl:origin-noRel,150,1,8,0.1875,-56.0
abl:origin-noRel,200,1,8,0.1875,-56.0
abl:origin-noRel,300,1,8,0.0,-56.0
abl:origin-noRel,500,1,8,0.0,-56.0
abl:origin-noRel,1000,1,8,0.0,-56.0
base:MOAS-snapshot,1,6,8,3800.25,38.5
base:MOAS-snapshot,2,5,8,1151.4375,39.0
base:MOAS-snapshot,3,5,8,605.25,39.0
base:MOAS-snapshot,5,5,8,286.3125,39.0
base:MOAS-snapshot,8,4,8,140.8125,32.5
base:MOAS-snapshot,10,3,8,83.0625,26.0
base:MOAS-snapshot,15,3,8,50.25,26.0
base:MOAS-snapshot,20,3,8,24.0,26.0
base:MOAS-snapshot,30,3,8,14.625,26.0
base:MOAS-snapshot,50,3,8,6.5625,26.0
base:MOAS-snapshot,75,2,8,4.5,-8.5
base:MOAS-snapshot,100,2,8,2.8125,-8.5
base:MOAS-snapshot,150,1,8,0.9375,-56.0
base:MOAS-snapshot,200,1,8,0.375,-56.0
base:MOAS-snapshot,300,1,8,0.1875,-56.0
base:MOAS-snapshot,500,1,8,0.1875,-56.0
base:MOAS-snapshot,1000,1,8,0.0,-56.0
base:valley-free,1,4,8,21347.625,38.5
base:valley-free,2,4,8,13048.875,38.5
base:valley-free,3,4,8,9999.5625,38.5
base:valley-free,5,4,8,7149.9375,38.5
base:valley-free,8,4,8,5217.1875,38.5
base:valley-free,10,4,8,4489.5,38.5
base:valley-free,15,4,8,3500.25,38.5
base:valley-free,20,4,8,3005.4375,75.0
base:valley-free,30,4,8,2364.5625,75.0
base:valley-free,50,4,8,1648.6875,75.0
base:valley-free,75,4,8,1248.9375,75.0
base:valley-free,100,4,8,999.5625,75.0
base:valley-free,150,3,8,655.875,29.0
base:valley-free,200,3,8,485.625,29.0
base:valley-free,300,3,8,352.875,29.0
base:valley-free,500,2,8,206.8125,145.0
base:valley-free,1000,2,8,76.3125,145.0
PRISM,1,8,8,652.125,34.0
PRISM,2,7,8,262.125,29.0
PRISM,3,7,8,172.6875,29.0
PRISM,5,7,8,104.4375,29.0
PRISM,8,6,8,65.8125,27.5
PRISM,10,6,8,53.625,27.5
PRISM,15,6,8,37.6875,27.5
PRISM,20,6,8,30.1875,34.0
PRISM,30,6,8,23.0625,34.0
PRISM,50,6,8,16.5,34.0
PRISM,75,4,8,10.5,81.5
PRISM,100,4,8,9.375,81.5
PRISM,150,4,8,7.5,81.5
PRISM,200,4,8,5.25,81.5
PRISM,300,3,8,3.1875,29.0
PRISM,500,3,8,2.25,29.0
PRISM,1000,3,8,1.125,29.0
PRISM+VA,1,8,8,203.625,34.0
PRISM+VA,2,7,8,122.625,29.0
PRISM+VA,3,7,8,109.5,29.0
PRISM+VA,5,7,8,99.9375,29.0
PRISM+VA,8,6,8,61.6875,27.5
PRISM+VA,10,6,8,50.625,27.5
PRISM+VA,15,6,8,36.1875,27.5
PRISM+VA,20,6,8,28.6875,34.0
PRISM+VA,30,6,8,21.9375,34.0
PRISM+VA,50,6,8,15.5625,34.0
PRISM+VA,75,4,8,9.75,81.5
PRISM+VA,100,4,8,8.625,81.5
PRISM+VA,150,4,8,6.75,81.5
PRISM+VA,200,4,8,4.875,81.5
PRISM+VA,300,3,8,2.8125,29.0
PRISM+VA,500,3,8,1.875,29.0
PRISM+VA,1000,3,8,0.9375,29.0
PRISM+2VP,1,8,8,195.1875,34.0
PRISM+2VP,2,7,8,100.125,29.0
PRISM+2VP,3,7,8,71.0625,29.0
PRISM+2VP,5,7,8,48.375,29.0
PRISM+2VP,8,6,8,34.3125,27.5
PRISM+2VP,10,6,8,28.6875,27.5
PRISM+2VP,15,6,8,21.75,27.5
PRISM+2VP,20,5,8,17.4375,29.0
PRISM+2VP,30,5,8,13.125,29.0
PRISM+2VP,50,5,8,9.5625,29.0
PRISM+2VP,75,3,8,6.5625,29.0
PRISM+2VP,100,3,8,5.8125,29.0
PRISM+2VP,150,3,8,5.25,29.0
PRISM+2VP,200,3,8,3.9375,29.0
PRISM+2VP,300,3,8,2.4375,29.0
PRISM+2VP,500,3,8,1.5,29.0
PRISM+2VP,1000,3,8,0.75,29.0
base:volume-z,2,6,8,40.6875,-30.0
base:volume-z,3,4,8,28.5,-90.0
base:volume-z,5,3,8,15.75,-180.0
base:volume-z,8,3,8,8.25,-180.0
base:volume-z,10,3,8,6.1875,-180.0
base:volume-z,15,3,8,3.9375,-180.0
base:volume-z,20,3,8,3.5625,120.0
base:volume-z,30,3,8,2.8125,120.0
base:volume-z,50,1,8,0.75,1320.0
