variant,case,detected,delay_s,false_alerts,hours,tau_origin,tau_export
PRISM,PT2008,False,,1,4.0,4.0,236.66666666666666
PRISM,TM2015,True,29.0,1,4.0,16.0,1980.0
PRISM,RT2017,True,39.0,0,4.0,12.0,1190.0
PRISM,DV2017,True,26.0,2,4.0,31.8,157.51923076923077
PRISM,AM2018,False,,0,4.0,30.0,1936.0
PRISM,MO2018,False,,0,4.0,50.0,22211.0
PRISM,DQ2019,True,261.0,0,4.0,31.0,4076.0
PRISM,RT2020,True,-56.0,5,4.0,10.0,789.0
PRISM+VA,PT2008,False,,1,4.0,4.0,236.66666666666666
PRISM+VA,TM2015,True,29.0,1,4.0,16.0,1980.0
PRISM+VA,RT2017,True,39.0,0,4.0,12.0,1190.0
PRISM+VA,DV2017,True,26.0,2,4.0,31.8,115.0
PRISM+VA,AM2018,False,,1,4.0,30.0,347.0
PRISM+VA,MO2018,False,,0,4.0,50.0,22211.0
PRISM+VA,DQ2019,True,261.0,0,4.0,31.0,4076.0
PRISM+VA,RT2020,True,-56.0,5,4.0,10.0,789.0
PRISM+2VP,PT2008,False,,1,4.0,4.0,236.66666666666666
PRISM+2VP,TM2015,True,29.0,1,4.0,16.0,1980.0
PRISM+2VP,RT2017,True,39.0,1,4.0,12.0,387.0
PRISM+2VP,DV2017,True,26.0,2,4.0,31.8,115.0
PRISM+2VP,AM2018,False,,0,4.0,30.0,1936.0
PRISM+2VP,MO2018,False,,0,4.0,50.0,655.0
PRISM+2VP,DQ2019,True,261.0,0,4.0,31.0,4076.0
PRISM+2VP,RT2020,True,-56.0,5,4.0,10.0,789.0
