case,label,kappa,active_origins,hours,victim_origins_alerted,benign_origins_alerted,per_origin_day_rate
PT2008,incident,1,6470,4.0,0.0,359,0.33292117465224114
PT2008,incident,2,6470,4.0,0.0,160,0.1483771251931994
PT2008,incident,3,6470,4.0,0.0,107,0.09922720247295208
PT2008,incident,5,6470,4.0,0.0,55,0.05100463678516229
PT2008,incident,10,6470,4.0,0.0,22,0.020401854714064915
PT2008,incident,20,6470,4.0,0.0,10,0.009273570324574962
PT2008_ctl,control,1,24301,12.0,,751,0.06180815604296119
PT2008_ctl,control,2,24301,12.0,,329,0.027077075017488992
PT2008_ctl,control,3,24301,12.0,,221,0.018188551911443973
PT2008_ctl,control,5,24301,12.0,,122,0.01004073906423604
PT2008_ctl,control,10,24301,12.0,,50,0.004115056993539361
PT2008_ctl,control,20,24301,12.0,,22,0.0018106250771573187
TM2015,incident,1,50769,4.0,18553.0,6861,0.8108491402233646
TM2015,incident,2,50769,4.0,10731.0,3426,0.4048927495124978
TM2015,incident,3,50769,4.0,7843.0,2407,0.2844649293860427
TM2015,incident,5,50769,4.0,5116.0,1463,0.17290078591266325
TM2015,incident,10,50769,4.0,2737.0,716,0.08461856644802931
TM2015,incident,20,50769,4.0,1385.0,340,0.040182000827276486
TM2015_ctl,control,1,50572,12.0,,2661,0.10523609902712963
TM2015_ctl,control,2,50572,12.0,,1364,0.05394289330064067
TM2015_ctl,control,3,50572,12.0,,928,0.03670015028078779
TM2015_ctl,control,5,50572,12.0,,556,0.021988452107885786
TM2015_ctl,control,10,50572,12.0,,254,0.010045084236336313
TM2015_ctl,control,20,50572,12.0,,111,0.004389780906430436
RT2017,incident,1,15116,4.0,135.0,1342,0.5326806033342154
RT2017,incident,2,15116,4.0,64.0,632,0.25086001587721624
RT2017,incident,3,15116,4.0,44.0,427,0.16948928287906853
RT2017,incident,5,15116,4.0,21.0,250,0.09923260121725323
RT2017,incident,10,15116,4.0,14.0,114,0.04525006615506748
RT2017,incident,20,15116,4.0,4.0,45,0.017861868219105587
RT2017_ctl,control,1,45920,12.0,,3288,0.143205574912892
RT2017_ctl,control,2,45920,12.0,,1544,0.06724738675958188
RT2017_ctl,control,3,45920,12.0,,1068,0.04651567944250871
RT2017_ctl,control,5,45920,12.0,,631,0.027482578397212545
RT2017_ctl,control,10,45920,12.0,,274,0.011933797909407665
RT2017_ctl,control,20,45920,12.0,,127,0.0055313588850174214
DV2017,incident,1,22329,4.0,0.0,1684,0.4525057100631466
DV2017,incident,2,22329,4.0,0.0,832,0.2235657664920059
DV2017,incident,3,22329,4.0,0.0,594,0.1596130592503023
DV2017,incident,5,22329,4.0,0.0,352,0.09458551659277173
DV2017,incident,10,22329,4.0,0.0,156,0.04191858121725111
DV2017,incident,20,22329,4.0,0.0,64,0.017197366653231225
DV2017_ctl,control,1,58904,12.0,,8229,0.2794037756349314
DV2017_ctl,control,2,58904,12.0,,4531,0.15384354203449682
DV2017_ctl,control,3,58904,12.0,,3272,0.11109602064375934
DV2017_ctl,control,5,58904,12.0,,2001,0.06794105663452397
DV2017_ctl,control,10,58904,12.0,,949,0.03222192041287519
DV2017_ctl,control,20,58904,12.0,,431,0.014633980714382724
AM2018,incident,1,23598,4.0,0.0,1508,0.3834223239257565
AM2018,incident,2,23598,4.0,0.0,687,0.1746758199847445
AM2018,incident,3,23598,4.0,0.0,460,0.11695906432748537
AM2018,incident,5,23598,4.0,0.0,244,0.06203915586066616
AM2018,incident,10,23598,4.0,0.0,116,0.02949402491736588
AM2018,incident,20,23598,4.0,0.0,50,0.012712941774726674
AM2018_ctl,control,1,60563,12.0,,3620,0.11954493667750937
AM2018_ctl,control,2,60563,12.0,,1776,0.058649670590954876
AM2018_ctl,control,3,60563,12.0,,1248,0.041213282036887205
AM2018_ctl,control,5,60563,12.0,,724,0.023908987335501872
AM2018_ctl,control,10,60563,12.0,,299,0.009874015488004227
AM2018_ctl,control,20,60563,12.0,,145,0.004788402159734491
MO2018,incident,1,18578,4.0,10.0,1398,0.45150177629454197
MO2018,incident,2,18578,4.0,4.0,674,0.21767682204758315
MO2018,incident,3,18578,4.0,4.0,457,0.14759392830229304
MO2018,incident,5,18578,4.0,2.0,250,0.08074066099687803
MO2018,incident,10,18578,4.0,2.0,112,0.03617181612660136
MO2018,incident,20,18578,4.0,1.0,49,0.015825169555388093
MO2018_ctl,control,1,62589,12.0,,7638,0.24406844653213824
MO2018_ctl,control,2,62589,12.0,,3921,0.12529358193931842
MO2018_ctl,control,3,62589,12.0,,2740,0.08755532122257904
MO2018_ctl,control,5,62589,12.0,,1665,0.053204237166275224
MO2018_ctl,control,10,62589,12.0,,798,0.025499688443656233
MO2018_ctl,control,20,62589,12.0,,376,0.012014890795507199
DQ2019,incident,1,64105,4.0,4640.0,908,0.08498557054831916
DQ2019,incident,2,64105,4.0,2907.0,401,0.03753217377739646
DQ2019,incident,3,64105,4.0,2131.0,222,0.020778410420404025
DQ2019,incident,5,64105,4.0,1419.0,126,0.011793151860229313
DQ2019,incident,10,64105,4.0,791.0,52,0.00486701505342797
DQ2019,incident,20,64105,4.0,418.0,22,0.002059121753373372
DQ2019_ctl,control,1,61604,12.0,,3324,0.10791507044997078
DQ2019_ctl,control,2,61604,12.0,,1414,0.04590610999285761
DQ2019_ctl,control,3,61604,12.0,,907,0.029446139861047983
DQ2019_ctl,control,5,61604,12.0,,523,0.016979416920979158
DQ2019_ctl,control,10,61604,12.0,,244,0.0079215635348354
DQ2019_ctl,control,20,61604,12.0,,117,0.0037984546458022204
RT2020,incident,1,67572,4.0,14.0,1409,0.12511099271887766
RT2020,incident,2,67572,4.0,7.0,626,0.05558515361392293
RT2020,incident,3,67572,4.0,6.0,417,0.037027171017581254
RT2020,incident,5,67572,4.0,4.0,233,0.020689042798792398
RT2020,incident,10,67572,4.0,3.0,88,0.007813887408985972
RT2020,incident,20,67572,4.0,1.0,37,0.003285384478778192
RT2020_ctl,control,1,67462,12.0,,2698,0.07998576976668346
RT2020_ctl,control,2,67462,12.0,,1243,0.03685037502594053
RT2020_ctl,control,3,67462,12.0,,799,0.02368740920814681
RT2020_ctl,control,5,67462,12.0,,423,0.012540393110195369
RT2020_ctl,control,10,67462,12.0,,183,0.0054252764519284935
RT2020_ctl,control,20,67462,12.0,,80,0.0023717055527556256
