case,label,family,prefixes,hours,victim_prefixes_flagged,first_victim_flag_s,benign_flagged_prefixes,per_prefix_day_rate
PT2008,incident,origin,260324,4.0,1.0,57.0,25,0.000576205036800295
PT2008,incident,export,260324,4.0,0.0,,1292,0.029778276301839244
PT2008_ctl,control,origin,259717,12.0,,,14,0.00010780965435454745
PT2008_ctl,control,export,259717,12.0,,,3317,0.025543187392430992
TM2015,incident,origin,583380,4.0,0.0,,73,0.0007507970790908156
TM2015,incident,export,583380,4.0,188177.0,29.0,53850,0.5538414069731565
TM2015_ctl,control,origin,581347,12.0,,,126,0.00043347604786814073
TM2015_ctl,control,export,581347,12.0,,,23038,0.07925731103798592
RT2017,incident,origin,703275,4.0,55.0,39.0,56,0.0004777647435213821
RT2017,incident,export,703275,4.0,506.0,-593.0,6619,0.05647008638157193
RT2017_ctl,control,origin,700942,12.0,,,198,0.0005649540190201186
RT2017_ctl,control,export,700942,12.0,,,18526,0.05286029371902383
DV2017,incident,origin,731182,4.0,64.0,26.0,35,0.00028720619490085915
DV2017,incident,export,731182,4.0,0.0,,8725,0.07159640144314275
DV2017_ctl,control,origin,730899,12.0,,,312,0.0008537431300357505
DV2017_ctl,control,export,730899,12.0,,,61952,0.16952273843581672
AM2018,incident,origin,751644,4.0,5.0,41.0,32,0.00025544007535482227
AM2018,incident,export,751644,4.0,0.0,,6726,0.053690310838641696
AM2018_ctl,control,origin,750338,12.0,,,236,0.0006290498415380801
AM2018_ctl,control,export,750338,12.0,,,23399,0.06236922560232855
MO2018,incident,origin,777932,4.0,0.0,,54,0.00041648884478334865
MO2018,incident,export,777932,4.0,228.0,-588.0,7039,0.054290092193147996
MO2018_ctl,control,origin,778565,12.0,,,263,0.0006756019086396126
MO2018_ctl,control,export,778565,12.0,,,56326,0.14469183690507537
DQ2019,incident,origin,817137,4.0,0.0,,59,0.0004332198884642355
DQ2019,incident,export,817137,4.0,65096.0,261.0,4169,0.03061175788148132
DQ2019_ctl,control,origin,818143,12.0,,,230,0.0005622488978088183
DQ2019_ctl,control,export,818143,12.0,,,16203,0.03960921257041862
RT2020,incident,origin,851298,4.0,6958.0,-56.0,144,0.0010149207445571352
RT2020,incident,export,851298,4.0,83.0,48.0,12296,0.0866629546880176
RT2020_ctl,control,origin,851835,12.0,,,96,0.00022539576326401238
RT2020_ctl,control,export,851835,12.0,,,15230,0.03575809869282197
