case,family,found,culprit,prefixes,peers,score,rank_in_window,units_in_window,first_flag_delay_s,ctl_week_before_max,beats_week_before
PT2008,origin,True,17557.0,1.0,1.0,1.0,6.0,15.0,57.0,4.0,False
PT2008,export,False,,,,,,,,,
TM2015,origin,False,,,,,,,,,
TM2015,export,True,4788.0,77738.0,31.0,77738.0,1.0,890.0,29.0,1980.0,True
RT2017,origin,True,12389.0,55.0,6.0,55.0,1.0,33.0,39.0,12.0,True
RT2017,export,True,12389.0,94.0,1.0,0.027270089933275312,356.0,742.0,-54.0,1190.0,False
DV2017,origin,True,39523.0,64.0,9.0,64.0,1.0,29.0,26.0,31.8,True
DV2017,export,False,,,,,,,,,
AM2018,origin,True,10297.0,5.0,1.0,5.0,1.0,25.0,41.0,30.0,False
AM2018,export,False,,,,,,,,,
MO2018,origin,False,,,,,,,,,
MO2018,export,True,37282.0,212.0,1.0,212.0,1.0,894.0,134.0,22211.0,False
DQ2019,origin,False,,,,,,,,,
DQ2019,export,True,396531.0,37306.0,15.0,37306.0,1.0,720.0,302.0,4076.0,True
RT2020,origin,True,12389.0,6303.0,5.0,6303.0,1.0,54.0,-56.0,10.0,True
RT2020,export,True,12389.0,78.0,6.0,15.6,5.0,620.0,121.0,789.0,False
