case,label,t0,hours,test_announcements,rib_entries,rib_prefixes,announcements,runtime_s
PT2008,incident,2008-02-24 16:47:00,4.0,886030,10187125,260324,6650875,237
PT2008_ctl,control,2008-02-17 12:47:00,12.0,2881956,10159256,259717,21807663,406
TM2015,incident,2015-06-12 06:43:00,4.0,35954050,21575584,583380,60498498,1927
TM2015_ctl,control,2015-06-05 02:43:00,12.0,10892635,21497325,581347,58427415,1195
RT2017,incident,2017-04-26 20:36:00,4.0,5768045,30043277,703275,44893551,970
RT2017_ctl,control,2017-04-19 16:36:00,12.0,17455515,29818179,700942,62027168,1219
DV2017,incident,2017-12-12 02:43:00,4.0,4698158,32604665,731182,50008865,1128
DV2017_ctl,control,2017-12-04 22:43:00,12.0,16149480,32552687,730899,42675461,1035
AM2018,incident,2018-04-24 09:05:00,4.0,13514349,30494921,751644,104657487,1968
AM2018_ctl,control,2018-04-17 05:05:00,12.0,33980522,31204054,750338,90424932,1581
MO2018,incident,2018-11-12 19:10:00,4.0,3987630,31417278,777932,28605082,776
MO2018_ctl,control,2018-11-05 15:10:00,12.0,14524009,30797897,778565,47965963,1884
DQ2019,incident,2019-06-24 08:30:00,4.0,8274116,31361266,817137,37144954,1074
DQ2019_ctl,control,2019-06-17 04:30:00,12.0,17391687,31351009,818143,44241584,1190
RT2020,incident,2020-04-01 17:28:00,4.0,10113031,31370355,851298,54241795,1361
RT2020_ctl,control,2020-03-25 13:28:00,12.0,19330058,31299466,851835,62281653,1478
