variant,tau_o,tau_x,detected,which,fa_per_day,median_delay_s
PRISM,3,50,7,"AM2018,DQ2019,DV2017,MO2018,RT2017,RT2020,TM2015",35.625,39.0
PRISM,3,100,7,"AM2018,DQ2019,DV2017,MO2018,RT2017,RT2020,TM2015",28.6875,39.0
PRISM,3,200,7,"AM2018,DQ2019,DV2017,MO2018,RT2017,RT2020,TM2015",24.5625,39.0
PRISM,3,500,6,"AM2018,DQ2019,DV2017,RT2017,RT2020,TM2015",21.5625,34.0
PRISM,3,1000,6,"AM2018,DQ2019,DV2017,RT2017,RT2020,TM2015",20.4375,34.0
PRISM,3,2000,6,"AM2018,DQ2019,DV2017,RT2017,RT2020,TM2015",19.6875,34.0
PRISM,5,50,7,"AM2018,DQ2019,DV2017,MO2018,RT2017,RT2020,TM2015",26.0625,39.0
PRISM,5,100,7,"AM2018,DQ2019,DV2017,MO2018,RT2017,RT2020,TM2015",19.125,39.0
PRISM,5,200,7,"AM2018,DQ2019,DV2017,MO2018,RT2017,RT2020,TM2015",15.0,39.0
PRISM,5,500,6,"AM2018,DQ2019,DV2017,RT2017,RT2020,TM2015",12.0,34.0
PRISM,5,1000,6,"AM2018,DQ2019,DV2017,RT2017,RT2020,TM2015",10.875,34.0
PRISM,5,2000,6,"AM2018,DQ2019,DV2017,RT2017,RT2020,TM2015",10.125,34.0
PRISM,10,50,6,"DQ2019,DV2017,MO2018,RT2017,RT2020,TM2015",20.4375,34.0
PRISM,10,100,6,"DQ2019,DV2017,MO2018,RT2017,RT2020,TM2015",13.5,34.0
PRISM,10,200,6,"DQ2019,DV2017,MO2018,RT2017,RT2020,TM2015",9.375,34.0
PRISM,10,500,5,"DQ2019,DV2017,RT2017,RT2020,TM2015",6.375,29.0
PRISM,10,1000,5,"DQ2019,DV2017,RT2017,RT2020,TM2015",5.25,29.0
PRISM,10,2000,5,"DQ2019,DV2017,RT2017,RT2020,TM2015",4.5,29.0
PRISM,20,50,6,"DQ2019,DV2017,MO2018,RT2017,RT2020,TM2015",17.625,34.0
PRISM,20,100,6,"DQ2019,DV2017,MO2018,RT2017,RT2020,TM2015",10.6875,34.0
PRISM,20,200,6,"DQ2019,DV2017,MO2018,RT2017,RT2020,TM2015",6.5625,34.0
PRISM,20,500,5,"DQ2019,DV2017,RT2017,RT2020,TM2015",3.5625,29.0
PRISM,20,1000,5,"DQ2019,DV2017,RT2017,RT2020,TM2015",2.4375,29.0
PRISM,20,2000,5,"DQ2019,DV2017,RT2017,RT2020,TM2015",1.6875,29.0
PRISM,30,50,6,"DQ2019,DV2017,MO2018,RT2017,RT2020,TM2015",17.0625,34.0
PRISM,30,100,6,"DQ2019,DV2017,MO2018,RT2017,RT2020,TM2015",10.125,34.0
PRISM,30,200,6,"DQ2019,DV2017,MO2018,RT2017,RT2020,TM2015",6.0,34.0
PRISM,30,500,5,"DQ2019,DV2017,RT2017,RT2020,TM2015",3.0,29.0
PRISM,30,1000,5,"DQ2019,DV2017,RT2017,RT2020,TM2015",1.875,29.0
PRISM,30,2000,5,"DQ2019,DV2017,RT2017,RT2020,TM2015",1.125,29.0
PRISM,50,50,6,"DQ2019,DV2017,MO2018,RT2017,RT2020,TM2015",16.5,34.0
PRISM,50,100,6,"DQ2019,DV2017,MO2018,RT2017,RT2020,TM2015",9.5625,34.0
PRISM,50,200,6,"DQ2019,DV2017,MO2018,RT2017,RT2020,TM2015",5.4375,34.0
PRISM,50,500,5,"DQ2019,DV2017,RT2017,RT2020,TM2015",2.4375,29.0
PRISM,50,1000,5,"DQ2019,DV2017,RT2017,RT2020,TM2015",1.3125,29.0
PRISM,50,2000,5,"DQ2019,DV2017,RT2017,RT2020,TM2015",0.5625,29.0
PRISM+2VP,3,50,6,"AM2018,DQ2019,DV2017,RT2017,RT2020,TM2015",28.6875,34.0
PRISM+2VP,3,100,6,"AM2018,DQ2019,DV2017,RT2017,RT2020,TM2015",25.125,34.0
PRISM+2VP,3,200,6,"AM2018,DQ2019,DV2017,RT2017,RT2020,TM2015",23.25,34.0
PRISM+2VP,3,500,6,"AM2018,DQ2019,DV2017,RT2017,RT2020,TM2015",20.8125,34.0
PRISM+2VP,3,1000,6,"AM2018,DQ2019,DV2017,RT2017,RT2020,TM2015",20.0625,34.0
PRISM+2VP,3,2000,6,"AM2018,DQ2019,DV2017,RT2017,RT2020,TM2015",19.5,34.0
PRISM+2VP,5,50,6,"AM2018,DQ2019,DV2017,RT2017,RT2020,TM2015",19.125,34.0
PRISM+2VP,5,100,6,"AM2018,DQ2019,DV2017,RT2017,RT2020,TM2015",15.5625,34.0
PRISM+2VP,5,200,6,"AM2018,DQ2019,DV2017,RT2017,RT2020,TM2015",13.6875,34.0
PRISM+2VP,5,500,6,"AM2018,DQ2019,DV2017,RT2017,RT2020,TM2015",11.25,34.0
PRISM+2VP,5,1000,6,"AM2018,DQ2019,DV2017,RT2017,RT2020,TM2015",10.5,34.0
PRISM+2VP,5,2000,6,"AM2018,DQ2019,DV2017,RT2017,RT2020,TM2015",9.9375,34.0
PRISM+2VP,10,50,5,"DQ2019,DV2017,RT2017,RT2020,TM2015",13.5,29.0
PRISM+2VP,10,100,5,"DQ2019,DV2017,RT2017,RT2020,TM2015",9.9375,29.0
PRISM+2VP,10,200,5,"DQ2019,DV2017,RT2017,RT2020,TM2015",8.0625,29.0
PRISM+2VP,10,500,5,"DQ2019,DV2017,RT2017,RT2020,TM2015",5.625,29.0
PRISM+2VP,10,1000,5,"DQ2019,DV2017,RT2017,RT2020,TM2015",4.875,29.0
PRISM+2VP,10,2000,5,"DQ2019,DV2017,RT2017,RT2020,TM2015",4.3125,29.0
PRISM+2VP,20,50,5,"DQ2019,DV2017,RT2017,RT2020,TM2015",10.6875,29.0
PRISM+2VP,20,100,5,"DQ2019,DV2017,RT2017,RT2020,TM2015",7.125,29.0
PRISM+2VP,20,200,5,"DQ2019,DV2017,RT2017,RT2020,TM2015",5.25,29.0
PRISM+2VP,20,500,5,"DQ2019,DV2017,RT2017,RT2020,TM2015",2.8125,29.0
PRISM+2VP,20,1000,5,"DQ2019,DV2017,RT2017,RT2020,TM2015",2.0625,29.0
PRISM+2VP,20,2000,5,"DQ2019,DV2017,RT2017,RT2020,TM2015",1.5,29.0
PRISM+2VP,30,50,5,"DQ2019,DV2017,RT2017,RT2020,TM2015",10.125,29.0
PRISM+2VP,30,100,5,"DQ2019,DV2017,RT2017,RT2020,TM2015",6.5625,29.0
PRISM+2VP,30,200,5,"DQ2019,DV2017,RT2017,RT2020,TM2015",4.6875,29.0
PRISM+2VP,30,500,5,"DQ2019,DV2017,RT2017,RT2020,TM2015",2.25,29.0
PRISM+2VP,30,1000,5,"DQ2019,DV2017,RT2017,RT2020,TM2015",1.5,29.0
PRISM+2VP,30,2000,5,"DQ2019,DV2017,RT2017,RT2020,TM2015",0.9375,29.0
PRISM+2VP,50,50,5,"DQ2019,DV2017,RT2017,RT2020,TM2015",9.5625,29.0
PRISM+2VP,50,100,5,"DQ2019,DV2017,RT2017,RT2020,TM2015",6.0,29.0
PRISM+2VP,50,200,5,"DQ2019,DV2017,RT2017,RT2020,TM2015",4.125,29.0
PRISM+2VP,50,500,5,"DQ2019,DV2017,RT2017,RT2020,TM2015",1.6875,29.0
PRISM+2VP,50,1000,5,"DQ2019,DV2017,RT2017,RT2020,TM2015",0.9375,29.0
PRISM+2VP,50,2000,5,"DQ2019,DV2017,RT2017,RT2020,TM2015",0.375,29.0
