point,rule,set,detected,n,which,false_alerts,fa_per_day,median_first_flag_delay_s
Quiet,RV2 alone,dev,5,8,"TM2015,RT2017,DV2017,DQ2019,RT2020",3,0.5625,29.0
Quiet,RV2 alone,heldout,5,8,"ID2011,ID2014,GO2017,SH2019,VI2021",7,1.3125,58.8638379573822
Quiet,RV2 alone,all,10,16,"TM2015,RT2017,DV2017,DQ2019,RT2020,ID2011,ID2014,GO2017,SH2019,VI2021",10,0.9375,34.0
Quiet,RIS alone,dev,5,8,"TM2015,RT2017,DV2017,DQ2019,RT2020",4,0.75,26.0
Quiet,RIS alone,heldout,4,8,"ID2011,ID2014,GO2017,VI2021",6,1.125,54.0
Quiet,RIS alone,all,9,16,"TM2015,RT2017,DV2017,DQ2019,RT2020,ID2011,ID2014,GO2017,VI2021",10,0.9375,39.0
Quiet,Either,dev,5,8,"TM2015,RT2017,DV2017,DQ2019,RT2020",6,1.125,26.0
Quiet,Either,heldout,5,8,"ID2011,ID2014,GO2017,SH2019,VI2021",11,2.0625,58.0
Quiet,Either,all,10,16,"TM2015,RT2017,DV2017,DQ2019,RT2020,ID2011,ID2014,GO2017,SH2019,VI2021",17,1.59375,32.5
Quiet,Corroborated,dev,5,8,"TM2015,RT2017,DV2017,DQ2019,RT2020",5,0.9375,26.0
Quiet,Corroborated,heldout,5,8,"ID2011,ID2014,GO2017,SH2019,VI2021",7,1.3125,58.0
Quiet,Corroborated,all,10,16,"TM2015,RT2017,DV2017,DQ2019,RT2020,ID2011,ID2014,GO2017,SH2019,VI2021",12,1.125,32.5
Balanced,RV2 alone,dev,6,8,"TM2015,RT2017,DV2017,MO2018,DQ2019,RT2020",29,5.4375,34.0
Balanced,RV2 alone,heldout,5,8,"ID2011,ID2014,GO2017,SH2019,VI2021",21,3.9375,58.8638379573822
Balanced,RV2 alone,all,11,16,"TM2015,RT2017,DV2017,MO2018,DQ2019,RT2020,ID2011,ID2014,GO2017,SH2019,VI2021",50,4.6875,39.0
Balanced,RIS alone,dev,6,8,"TM2015,RT2017,DV2017,MO2018,DQ2019,RT2020",13,2.4375,32.5
Balanced,RIS alone,heldout,5,8,"ID2011,ID2014,GO2017,SH2019,VI2021",15,2.8125,50.0
Balanced,RIS alone,all,11,16,"TM2015,RT2017,DV2017,MO2018,DQ2019,RT2020,ID2011,ID2014,GO2017,SH2019,VI2021",28,2.625,39.0
Balanced,Either,dev,6,8,"TM2015,RT2017,DV2017,MO2018,DQ2019,RT2020",33,6.1875,32.5
Balanced,Either,heldout,5,8,"ID2011,ID2014,GO2017,SH2019,VI2021",32,6.0,8.0
Balanced,Either,all,11,16,"TM2015,RT2017,DV2017,MO2018,DQ2019,RT2020,ID2011,ID2014,GO2017,SH2019,VI2021",65,6.09375,26.0
Balanced,Corroborated,dev,6,8,"TM2015,RT2017,DV2017,MO2018,DQ2019,RT2020",22,4.125,32.5
Balanced,Corroborated,heldout,5,8,"ID2011,ID2014,GO2017,SH2019,VI2021",21,3.9375,8.0
Balanced,Corroborated,all,11,16,"TM2015,RT2017,DV2017,MO2018,DQ2019,RT2020,ID2011,ID2014,GO2017,SH2019,VI2021",43,4.03125,26.0
Sensitive,RV2 alone,dev,7,8,"TM2015,RT2017,DV2017,AM2018,MO2018,DQ2019,RT2020",80,15.0,39.0
Sensitive,RV2 alone,heldout,5,8,"ID2011,ID2014,GO2017,SH2019,VI2021",96,18.0,9.0
Sensitive,RV2 alone,all,12,16,"TM2015,RT2017,DV2017,AM2018,MO2018,DQ2019,RT2020,ID2011,ID2014,GO2017,SH2019,VI2021",176,16.5,34.0
Sensitive,RIS alone,dev,7,8,"TM2015,RT2017,DV2017,AM2018,MO2018,DQ2019,RT2020",61,11.4375,39.0
Sensitive,RIS alone,heldout,5,8,"ID2011,ID2014,GO2017,SH2019,VI2021",94,17.625,8.0
Sensitive,RIS alone,all,12,16,"TM2015,RT2017,DV2017,AM2018,MO2018,DQ2019,RT2020,ID2011,ID2014,GO2017,SH2019,VI2021",155,14.53125,32.5
Sensitive,Either,dev,7,8,"TM2015,RT2017,DV2017,AM2018,MO2018,DQ2019,RT2020",94,17.625,39.0
Sensitive,Either,heldout,5,8,"ID2011,ID2014,GO2017,SH2019,VI2021",146,27.375,-12.0
Sensitive,Either,all,12,16,"TM2015,RT2017,DV2017,AM2018,MO2018,DQ2019,RT2020,ID2011,ID2014,GO2017,SH2019,VI2021",240,22.5,21.0
Sensitive,Corroborated,dev,7,8,"TM2015,RT2017,DV2017,AM2018,MO2018,DQ2019,RT2020",66,12.375,39.0
Sensitive,Corroborated,heldout,5,8,"ID2011,ID2014,GO2017,SH2019,VI2021",95,17.8125,-12.0
Sensitive,Corroborated,all,12,16,"TM2015,RT2017,DV2017,AM2018,MO2018,DQ2019,RT2020,ID2011,ID2014,GO2017,SH2019,VI2021",161,15.09375,21.0
