case,rv_best_score,rv_best_pfx,rv_peers,ris_best_score,ris_best_pfx,ris_peers
PT2008,1.0,1,1,1.0,1,1
TM2015,77738.0,77738,31,114540.0,114540,13
RT2017,55.0,94,6,55.0,55,4
DV2017,64.0,64,9,64.0,64,7
AM2018,5.0,5,1,5.0,5,1
MO2018,212.0,212,3,212.0,212,4
DQ2019,37306.0,37306,15,4758.0,4758,14
RT2020,6303.0,6303,8,6280.0,6280,17
ID2011,3056.0,3056,16,3391.0,3391,9
ID2014,2990.0,2990,15,2749.0,2749,11
GO2017,156045.0,156045,4,72592.0,72592,6
SH2019,3191.0,3191,15,1448.0,1448,12
VI2021,17071.0,17071,30,18099.0,18099,50
KS2022,1.0,1,1,1.0,1,1
TW2022,1.0,1,1,1.0,1,1
CF2024,12.0,12,4,36.0,36,6
